{
    "recetas":
[
    {
      "id": 1,
      "name": "Classic Margherita Pizza",
      "ingredients": [
        "Pizza dough",
        "Tomato sauce",
        "Fresh mozzarella cheese",
        "Fresh basil leaves",
        "Olive oil",
        "Salt and pepper to taste"
      ],
      "instructions": [
        "Preheat the oven to 475°F (245°C).",
        "Roll out the pizza dough and spread tomato sauce evenly.",
        "Top with slices of fresh mozzarella and fresh basil leaves.",
        "Drizzle with olive oil and season with salt and pepper.",
        "Bake in the preheated oven for 12-15 minutes or until the crust is golden brown.",
        "Slice and serve hot."
      ],
      "prepTimeMinutes": 20,
      "cookTimeMinutes": 15,
      "servings": 4,
      "difficulty": "Easy",
      "cuisine": "Italian",
      "caloriesPerServing": 300,
      "tags": [
        "Pizza",
        "Italian"
      ],
      "userId": 166,
      "image": "https://cdn.dummyjson.com/recipe-images/1.webp",
      "rating": 4.6,
      "reviewCount": 98,
      "mealType": [
        "Dinner"
      ]
    },
    {
      "id": 2,
      "name": "Vegetarian Stir-Fry",
      "ingredients": [
        "Tofu, cubed",
        "Broccoli florets",
        "Carrots, sliced",
        "Bell peppers, sliced",
        "Soy sauce",
        "Ginger, minced",
        "Garlic, minced",
        "Sesame oil",
        "Cooked rice for serving"
      ],
      "instructions": [
        "In a wok, heat sesame oil over medium-high heat.",
        "Add minced ginger and garlic, sauté until fragrant.",
        "Add cubed tofu and stir-fry until golden brown.",
        "Add broccoli, carrots, and bell peppers. Cook until vegetables are tender-crisp.",
        "Pour soy sauce over the stir-fry and toss to combine.",
        "Serve over cooked rice."
      ],
      "prepTimeMinutes": 15,
      "cookTimeMinutes": 20,
      "servings": 3,
      "difficulty": "Medium",
      "cuisine": "Asian",
      "caloriesPerServing": 250,
      "tags": [
        "Vegetarian",
        "Stir-fry",
        "Asian"
      ],
      "userId": 143,
      "image": "https://cdn.dummyjson.com/recipe-images/2.webp",
      "rating": 4.7,
      "reviewCount": 26,
      "mealType": [
        "Lunch"
      ]
    },
    {
      "id": 3,
      "name": "Chocolate Chip Cookies",
      "ingredients": [
        "All-purpose flour",
        "Butter, softened",
        "Brown sugar",
        "White sugar",
        "Eggs",
        "Vanilla extract",
        "Baking soda",
        "Salt",
        "Chocolate chips"
      ],
      "instructions": [
        "Preheat the oven to 350°F (175°C).",
        "In a bowl, cream together softened butter, brown sugar, and white sugar.",
        "Beat in eggs one at a time, then stir in vanilla extract.",
        "Combine flour, baking soda, and salt. Gradually add to the wet ingredients.",
        "Fold in chocolate chips.",
        "Drop rounded tablespoons of dough onto ungreased baking sheets.",
        "Bake for 10-12 minutes or until edges are golden brown.",
        "Allow cookies to cool on the baking sheet for a few minutes before transferring to a wire rack."
      ],
      "prepTimeMinutes": 15,
      "cookTimeMinutes": 10,
      "servings": 24,
      "difficulty": "Easy",
      "cuisine": "American",
      "caloriesPerServing": 150,
      "tags": [
        "Cookies",
        "Dessert",
        "Baking"
      ],
      "userId": 34,
      "image": "https://cdn.dummyjson.com/recipe-images/3.webp",
      "rating": 4.9,
      "reviewCount": 13,
      "mealType": [
        "Snack",
        "Dessert"
      ]
    },
    {
      "id": 4,
      "name": "Chicken Alfredo Pasta",
      "ingredients": [
        "Fettuccine pasta",
        "Chicken breast, sliced",
        "Heavy cream",
        "Parmesan cheese, grated",
        "Garlic, minced",
        "Butter",
        "Salt and pepper to taste",
        "Fresh parsley for garnish"
      ],
      "instructions": [
        "Cook fettuccine pasta according to package instructions.",
        "In a pan, sauté sliced chicken in butter until fully cooked.",
        "Add minced garlic and cook until fragrant.",
        "Pour in heavy cream and grated Parmesan cheese. Stir until the cheese is melted.",
        "Season with salt and pepper to taste.",
        "Combine the Alfredo sauce with cooked pasta.",
        "Garnish with fresh parsley before serving."
      ],
      "prepTimeMinutes": 15,
      "cookTimeMinutes": 20,
      "servings": 4,
      "difficulty": "Medium",
      "cuisine": "Italian",
      "caloriesPerServing": 500,
      "tags": [
        "Pasta",
        "Chicken"
      ],
      "userId": 136,
      "image": "https://cdn.dummyjson.com/recipe-images/4.webp",
      "rating": 4.9,
      "reviewCount": 82,
      "mealType": [
        "Lunch",
        "Dinner"
      ]
    },
    {
      "id": 5,
      "name": "Mango Salsa Chicken",
      "ingredients": [
        "Chicken thighs",
        "Mango, diced",
        "Red onion, finely chopped",
        "Cilantro, chopped",
        "Lime juice",
        "Jalapeño, minced",
        "Salt and pepper to taste",
        "Cooked rice for serving"
      ],
      "instructions": [
        "Season chicken thighs with salt and pepper.",
        "Grill or bake chicken until fully cooked.",
        "In a bowl, combine diced mango, chopped red onion, cilantro, minced jalapeño, and lime juice.",
        "Dice the cooked chicken and mix it with the mango salsa.",
        "Serve over cooked rice."
      ],
      "prepTimeMinutes": 15,
      "cookTimeMinutes": 25,
      "servings": 3,
      "difficulty": "Easy",
      "cuisine": "Mexican",
      "caloriesPerServing": 380,
      "tags": [
        "Chicken",
        "Salsa"
      ],
      "userId": 26,
      "image": "https://cdn.dummyjson.com/recipe-images/5.webp",
      "rating": 4.9,
      "reviewCount": 63,
      "mealType": [
        "Dinner"
      ]
    },
    {
      "id": 6,
      "name": "Quinoa Salad with Avocado",
      "ingredients": [
        "Quinoa, cooked",
        "Avocado, diced",
        "Cherry tomatoes, halved",
        "Cucumber, diced",
        "Red bell pepper, diced",
        "Feta cheese, crumbled",
        "Lemon vinaigrette dressing",
        "Salt and pepper to taste"
      ],
      "instructions": [
        "In a large bowl, combine cooked quinoa, diced avocado, halved cherry tomatoes, diced cucumber, diced red bell pepper, and crumbled feta cheese.",
        "Drizzle with lemon vinaigrette dressing and toss to combine.",
        "Season with salt and pepper to taste.",
        "Chill in the refrigerator before serving."
      ],
      "prepTimeMinutes": 20,
      "cookTimeMinutes": 15,
      "servings": 4,
      "difficulty": "Easy",
      "cuisine": "Mediterranean",
      "caloriesPerServing": 280,
      "tags": [
        "Salad",
        "Quinoa"
      ],
      "userId": 197,
      "image": "https://cdn.dummyjson.com/recipe-images/6.webp",
      "rating": 4.4,
      "reviewCount": 59,
      "mealType": [
        "Lunch",
        "Side Dish"
      ]
    },
    {
      "id": 7,
      "name": "Tomato Basil Bruschetta",
      "ingredients": [
        "Baguette, sliced",
        "Tomatoes, diced",
        "Fresh basil, chopped",
        "Garlic cloves, minced",
        "Balsamic glaze",
        "Olive oil",
        "Salt and pepper to taste"
      ],
      "instructions": [
        "Preheat the oven to 375°F (190°C).",
        "Place baguette slices on a baking sheet and toast in the oven until golden brown.",
        "In a bowl, combine diced tomatoes, chopped fresh basil, minced garlic, and a drizzle of olive oil.",
        "Season with salt and pepper to taste.",
        "Top each toasted baguette slice with the tomato-basil mixture.",
        "Drizzle with balsamic glaze before serving."
      ],
      "prepTimeMinutes": 15,
      "cookTimeMinutes": 10,
      "servings": 6,
      "difficulty": "Easy",
      "cuisine": "Italian",
      "caloriesPerServing": 120,
      "tags": [
        "Bruschetta",
        "Italian"
      ],
      "userId": 137,
      "image": "https://cdn.dummyjson.com/recipe-images/7.webp",
      "rating": 4.7,
      "reviewCount": 95,
      "mealType": [
        "Appetizer"
      ]
    },
    {
      "id": 8,
      "name": "Beef and Broccoli Stir-Fry",
      "ingredients": [
        "Beef sirloin, thinly sliced",
        "Broccoli florets",
        "Soy sauce",
        "Oyster sauce",
        "Sesame oil",
        "Garlic, minced",
        "Ginger, minced",
        "Cornstarch",
        "Cooked white rice for serving"
      ],
      "instructions": [
        "In a bowl, mix soy sauce, oyster sauce, sesame oil, and cornstarch to create the sauce.",
        "In a wok, stir-fry thinly sliced beef until browned. Remove from the wok.",
        "Stir-fry broccoli florets, minced garlic, and minced ginger in the same wok.",
        "Add the cooked beef back to the wok and pour the sauce over the mixture.",
        "Stir until everything is coated and heated through.",
        "Serve over cooked white rice."
      ],
      "prepTimeMinutes": 20,
      "cookTimeMinutes": 15,
      "servings": 4,
      "difficulty": "Medium",
      "cuisine": "Asian",
      "caloriesPerServing": 380,
      "tags": [
        "Beef",
        "Stir-fry",
        "Asian"
      ],
      "userId": 18,
      "image": "https://cdn.dummyjson.com/recipe-images/8.webp",
      "rating": 4.7,
      "reviewCount": 58,
      "mealType": [
        "Dinner"
      ]
    },
    {
      "id": 9,
      "name": "Caprese Salad",
      "ingredients": [
        "Tomatoes, sliced",
        "Fresh mozzarella cheese, sliced",
        "Fresh basil leaves",
        "Balsamic glaze",
        "Extra virgin olive oil",
        "Salt and pepper to taste"
      ],
      "instructions": [
        "Arrange alternating slices of tomatoes and fresh mozzarella on a serving platter.",
        "Tuck fresh basil leaves between the slices.",
        "Drizzle with balsamic glaze and extra virgin olive oil.",
        "Season with salt and pepper to taste.",
        "Serve immediately as a refreshing salad."
      ],
      "prepTimeMinutes": 10,
      "cookTimeMinutes": 0,
      "servings": 2,
      "difficulty": "Easy",
      "cuisine": "Italian",
      "caloriesPerServing": 200,
      "tags": [
        "Salad",
        "Caprese"
      ],
      "userId": 128,
      "image": "https://cdn.dummyjson.com/recipe-images/9.webp",
      "rating": 4.6,
      "reviewCount": 82,
      "mealType": [
        "Lunch"
      ]
    },
    {
      "id": 10,
      "name": "Shrimp Scampi Pasta",
      "ingredients": [
        "Linguine pasta",
        "Shrimp, peeled and deveined",
        "Garlic, minced",
        "White wine",
        "Lemon juice",
        "Red pepper flakes",
        "Fresh parsley, chopped",
        "Salt and pepper to taste"
      ],
      "instructions": [
        "Cook linguine pasta according to package instructions.",
        "In a skillet, sauté minced garlic in olive oil until fragrant.",
        "Add shrimp and cook until pink and opaque.",
        "Pour in white wine and lemon juice. Simmer until the sauce slightly thickens.",
        "Season with red pepper flakes, salt, and pepper.",
        "Toss cooked linguine in the shrimp scampi sauce.",
        "Garnish with chopped fresh parsley before serving."
      ],
      "prepTimeMinutes": 15,
      "cookTimeMinutes": 20,
      "servings": 3,
      "difficulty": "Medium",
      "cuisine": "Italian",
      "caloriesPerServing": 400,
      "tags": [
        "Pasta",
        "Shrimp"
      ],
      "userId": 114,
      "image": "https://cdn.dummyjson.com/recipe-images/10.webp",
      "rating": 4.3,
      "reviewCount": 5,
      "mealType": [
        "Dinner"
      ]
    },
    {
      "id": 11,
      "name": "Chicken Biryani",
      "ingredients": [
        "Basmati rice",
        "Chicken, cut into pieces",
        "Onions, thinly sliced",
        "Tomatoes, chopped",
        "Yogurt",
        "Ginger-garlic paste",
        "Biryani masala",
        "Green chilies, sliced",
        "Fresh coriander leaves",
        "Mint leaves",
        "Ghee",
        "Salt to taste"
      ],
      "instructions": [
        "Marinate chicken with yogurt, ginger-garlic paste, biryani masala, and salt.",
        "In a pot, sauté sliced onions until golden brown. Remove half for later use.",
        "Layer marinated chicken, chopped tomatoes, half of the fried onions, and rice in the pot.",
        "Top with ghee, green chilies, fresh coriander leaves, mint leaves, and the remaining fried onions.",
        "Cover and cook on low heat until the rice is fully cooked and aromatic.",
        "Serve hot, garnished with additional coriander and mint leaves."
      ],
      "prepTimeMinutes": 30,
      "cookTimeMinutes": 45,
      "servings": 6,
      "difficulty": "Medium",
      "cuisine": "Pakistani",
      "caloriesPerServing": 550,
      "tags": [
        "Biryani",
        "Chicken",
        "Main course",
        "Indian",
        "Pakistani",
        "Asian"
      ],
      "userId": 133,
      "image": "https://cdn.dummyjson.com/recipe-images/11.webp",
      "rating": 5,
      "reviewCount": 32,
      "mealType": [
        "Lunch",
        "Dinner"
      ]
    },
    {
      "id": 12,
      "name": "Chicken Karahi",
      "ingredients": [
        "Chicken, cut into pieces",
        "Tomatoes, chopped",
        "Green chilies, sliced",
        "Ginger, julienned",
        "Garlic, minced",
        "Coriander powder",
        "Cumin powder",
        "Red chili powder",
        "Garam masala",
        "Cooking oil",
        "Fresh coriander leaves",
        "Salt to taste"
      ],
      "instructions": [
        "In a wok (karahi), heat cooking oil and sauté minced garlic until golden brown.",
        "Add chicken pieces and cook until browned on all sides.",
        "Add chopped tomatoes, green chilies, ginger, and spices. Cook until tomatoes are soft.",
        "Cover and simmer until the chicken is tender and the oil separates from the masala.",
        "Garnish with fresh coriander leaves and serve hot with naan or rice."
      ],
      "prepTimeMinutes": 20,
      "cookTimeMinutes": 30,
      "servings": 4,
      "difficulty": "Easy",
      "cuisine": "Pakistani",
      "caloriesPerServing": 420,
      "tags": [
        "Chicken",
        "Karahi",
        "Main course",
        "Indian",
        "Pakistani",
        "Asian"
      ],
      "userId": 49,
      "image": "https://cdn.dummyjson.com/recipe-images/12.webp",
      "rating": 4.8,
      "reviewCount": 68,
      "mealType": [
        "Lunch",
        "Dinner"
      ]
    },
    {
      "id": 13,
      "name": "Aloo Keema",
      "ingredients": [
        "Ground beef",
        "Potatoes, peeled and diced",
        "Onions, finely chopped",
        "Tomatoes, chopped",
        "Ginger-garlic paste",
        "Cumin powder",
        "Coriander powder",
        "Turmeric powder",
        "Red chili powder",
        "Cooking oil",
        "Fresh coriander leaves",
        "Salt to taste"
      ],
      "instructions": [
        "In a pan, heat cooking oil and sauté chopped onions until golden brown.",
        "Add ginger-garlic paste and sauté until fragrant.",
        "Add ground beef and cook until browned. Drain excess oil if needed.",
        "Add diced potatoes, chopped tomatoes, and spices. Mix well.",
        "Cover and simmer until the potatoes are tender and the masala is well-cooked.",
        "Garnish with fresh coriander leaves and serve hot with naan or rice."
      ],
      "prepTimeMinutes": 25,
      "cookTimeMinutes": 35,
      "servings": 5,
      "difficulty": "Medium",
      "cuisine": "Pakistani",
      "caloriesPerServing": 380,
      "tags": [
        "Keema",
        "Potatoes",
        "Main course",
        "Pakistani",
        "Asian"
      ],
      "userId": 152,
      "image": "https://cdn.dummyjson.com/recipe-images/13.webp",
      "rating": 4.6,
      "reviewCount": 53,
      "mealType": [
        "Lunch",
        "Dinner"
      ]
    },
    {
      "id": 14,
      "name": "Chapli Kebabs",
      "ingredients": [
        "Ground beef",
        "Onions, finely chopped",
        "Tomatoes, finely chopped",
        "Green chilies, chopped",
        "Coriander leaves, chopped",
        "Pomegranate seeds",
        "Ginger-garlic paste",
        "Cumin powder",
        "Coriander powder",
        "Red chili powder",
        "Egg",
        "Cooking oil",
        "Salt to taste"
      ],
      "instructions": [
        "In a large bowl, mix ground beef, chopped onions, tomatoes, green chilies, coriander leaves, and pomegranate seeds.",
        "Add ginger-garlic paste, cumin powder, coriander powder, red chili powder, and salt. Mix well.",
        "Add an egg to bind the mixture and form into round flat kebabs.",
        "Heat cooking oil in a pan and shallow fry the kebabs until browned on both sides.",
        "Serve hot with naan or mint chutney."
      ],
      "prepTimeMinutes": 30,
      "cookTimeMinutes": 20,
      "servings": 4,
      "difficulty": "Medium",
      "cuisine": "Pakistani",
      "caloriesPerServing": 320,
      "tags": [
        "Kebabs",
        "Beef",
        "Indian",
        "Pakistani",
        "Asian"
      ],
      "userId": 152,
      "image": "https://cdn.dummyjson.com/recipe-images/14.webp",
      "rating": 4.7,
      "reviewCount": 98,
      "mealType": [
        "Lunch",
        "Dinner",
        "Snacks"
      ]
    },
    {
      "id": 15,
      "name": "Saag (Spinach) with Makki di Roti",
      "ingredients": [
        "Mustard greens, washed and chopped",
        "Spinach, washed and chopped",
        "Cornmeal (makki ka atta)",
        "Onions, finely chopped",
        "Green chilies, chopped",
        "Ginger, grated",
        "Ghee",
        "Salt to taste"
      ],
      "instructions": [
        "Boil mustard greens and spinach until tender. Drain and blend into a coarse paste.",
        "In a pan, sauté chopped onions, green chilies, and grated ginger in ghee until golden brown.",
        "Add the greens paste and cook until it thickens.",
        "Meanwhile, knead cornmeal with water to make a dough. Roll into rotis (flatbreads).",
        "Cook the rotis on a griddle until golden brown.",
        "Serve hot saag with makki di roti and a dollop of ghee."
      ],
      "prepTimeMinutes": 40,
      "cookTimeMinutes": 30,
      "servings": 3,
      "difficulty": "Medium",
      "cuisine": "Pakistani",
      "caloriesPerServing": 280,
      "tags": [
        "Saag",
        "Roti",
        "Main course",
        "Indian",
        "Pakistani",
        "Asian"
      ],
      "userId": 43,
      "image": "https://cdn.dummyjson.com/recipe-images/15.webp",
      "rating": 4.3,
      "reviewCount": 86,
      "mealType": [
        "Breakfast",
        "Lunch",
        "Dinner"
      ]
    },
    {
      "id": 16,
      "name": "Japanese Ramen Soup",
      "ingredients": [
        "Ramen noodles",
        "Chicken broth",
        "Soy sauce",
        "Mirin",
        "Sesame oil",
        "Shiitake mushrooms, sliced",
        "Bok choy, chopped",
        "Green onions, sliced",
        "Soft-boiled eggs",
        "Grilled chicken slices",
        "Norwegian seaweed (nori)"
      ],
      "instructions": [
        "Cook ramen noodles according to package instructions and set aside.",
        "In a pot, combine chicken broth, soy sauce, mirin, and sesame oil. Bring to a simmer.",
        "Add sliced shiitake mushrooms and chopped bok choy. Cook until vegetables are tender.",
        "Divide the cooked noodles into serving bowls and ladle the hot broth over them.",
        "Top with green onions, soft-boiled eggs, grilled chicken slices, and nori.",
        "Serve hot and enjoy the authentic Japanese ramen!"
      ],
      "prepTimeMinutes": 20,
      "cookTimeMinutes": 25,
      "servings": 2,
      "difficulty": "Medium",
      "cuisine": "Japanese",
      "caloriesPerServing": 480,
      "tags": [
        "Ramen",
        "Japanese",
        "Soup",
        "Asian"
      ],
      "userId": 85,
      "image": "https://cdn.dummyjson.com/recipe-images/16.webp",
      "rating": 4.9,
      "reviewCount": 38,
      "mealType": [
        "Dinner"
      ]
    },
    {
      "id": 17,
      "name": "Moroccan Chickpea Tagine",
      "ingredients": [
        "Chickpeas, cooked",
        "Tomatoes, chopped",
        "Carrots, diced",
        "Onions, finely chopped",
        "Garlic, minced",
        "Cumin",
        "Coriander",
        "Cinnamon",
        "Paprika",
        "Vegetable broth",
        "Olives",
        "Fresh cilantro, chopped"
      ],
      "instructions": [
        "In a tagine or large pot, sauté chopped onions and minced garlic until softened.",
        "Add diced carrots, chopped tomatoes, and cooked chickpeas.",
        "Season with cumin, coriander, cinnamon, and paprika. Stir to coat.",
        "Pour in vegetable broth and bring to a simmer. Cook until carrots are tender.",
        "Stir in olives and garnish with fresh cilantro before serving.",
        "Serve this flavorful Moroccan dish with couscous or crusty bread."
      ],
      "prepTimeMinutes": 15,
      "cookTimeMinutes": 30,
      "servings": 4,
      "difficulty": "Easy",
      "cuisine": "Moroccan",
      "caloriesPerServing": 320,
      "tags": [
        "Tagine",
        "Chickpea",
        "Moroccan"
      ],
      "userId": 207,
      "image": "https://cdn.dummyjson.com/recipe-images/17.webp",
      "rating": 4.5,
      "reviewCount": 50,
      "mealType": [
        "Dinner"
      ]
    },
    {
      "id": 18,
      "name": "Korean Bibimbap",
      "ingredients": [
        "Cooked white rice",
        "Beef bulgogi (marinated and grilled beef slices)",
        "Carrots, julienned and sautéed",
        "Spinach, blanched and seasoned",
        "Zucchini, sliced and grilled",
        "Bean sprouts, blanched",
        "Fried egg",
        "Gochujang (Korean red pepper paste)",
        "Sesame oil",
        "Toasted sesame seeds"
      ],
      "instructions": [
        "Arrange cooked white rice in a bowl.",
        "Top with beef bulgogi, sautéed carrots, seasoned spinach, grilled zucchini, and blanched bean sprouts.",
        "Place a fried egg on top and drizzle with gochujang and sesame oil.",
        "Sprinkle with toasted sesame seeds before serving.",
        "Mix everything together before enjoying this delicious Korean bibimbap!",
        "Feel free to customize with additional vegetables or protein."
      ],
      "prepTimeMinutes": 30,
      "cookTimeMinutes": 20,
      "servings": 2,
      "difficulty": "Medium",
      "cuisine": "Korean",
      "caloriesPerServing": 550,
      "tags": [
        "Bibimbap",
        "Korean",
        "Rice"
      ],
      "userId": 121,
      "image": "https://cdn.dummyjson.com/recipe-images/18.webp",
      "rating": 4.9,
      "reviewCount": 56,
      "mealType": [
        "Dinner"
      ]
    },
    {
      "id": 19,
      "name": "Greek Moussaka",
      "ingredients": [
        "Eggplants, sliced",
        "Ground lamb or beef",
        "Onions, finely chopped",
        "Garlic, minced",
        "Tomatoes, crushed",
        "Red wine",
        "Cinnamon",
        "Allspice",
        "Nutmeg",
        "Olive oil",
        "Milk",
        "Flour",
        "Parmesan cheese",
        "Egg yolks"
      ],
      "instructions": [
        "Preheat oven to 375°F (190°C).",
        "Sauté sliced eggplants in olive oil until browned. Set aside.",
        "In the same pan, cook chopped onions and minced garlic until softened.",
        "Add ground lamb or beef and brown. Stir in crushed tomatoes, red wine, and spices.",
        "In a separate saucepan, make béchamel sauce: melt butter, whisk in flour, add milk, and cook until thickened.",
        "Remove from heat and stir in Parmesan cheese and egg yolks.",
        "In a baking dish, layer eggplants and meat mixture. Top with béchamel sauce.",
        "Bake for 40-45 minutes until golden brown. Let it cool before slicing.",
        "Serve slices of moussaka warm and enjoy this Greek classic!"
      ],
      "prepTimeMinutes": 45,
      "cookTimeMinutes": 45,
      "servings": 6,
      "difficulty": "Medium",
      "cuisine": "Greek",
      "caloriesPerServing": 420,
      "tags": [
        "Moussaka",
        "Greek"
      ],
      "userId": 173,
      "image": "https://cdn.dummyjson.com/recipe-images/19.webp",
      "rating": 4.3,
      "reviewCount": 26,
      "mealType": [
        "Dinner"
      ]
    },
    {
      "id": 20,
      "name": "Butter Chicken (Murgh Makhani)",
      "ingredients": [
        "Chicken thighs, boneless and skinless",
        "Yogurt",
        "Ginger-garlic paste",
        "Garam masala",
        "Kashmiri red chili powder",
        "Tomato puree",
        "Butter",
        "Heavy cream",
        "Kasuri methi (dried fenugreek leaves)",
        "Sugar",
        "Salt to taste"
      ],
      "instructions": [
        "Marinate chicken thighs in a mixture of yogurt, ginger-garlic paste, garam masala, and Kashmiri red chili powder.",
        "In a pan, melt butter and sauté the marinated chicken until browned.",
        "Add tomato puree and cook until the oil separates. Stir in heavy cream.",
        "Sprinkle kasuri methi, sugar, and salt. Simmer until the chicken is fully cooked.",
        "Serve this creamy butter chicken over rice or with naan for an authentic Pakistani/Indian experience."
      ],
      "prepTimeMinutes": 30,
      "cookTimeMinutes": 25,
      "servings": 4,
      "difficulty": "Medium",
      "cuisine": "Pakistani",
      "caloriesPerServing": 480,
      "tags": [
        "Butter chicken",
        "Curry",
        "Indian",
        "Pakistani",
        "Asian"
      ],
      "userId": 138,
      "image": "https://cdn.dummyjson.com/recipe-images/20.webp",
      "rating": 4.5,
      "reviewCount": 44,
      "mealType": [
        "Dinner"
      ]
    },
    {
      "id": 21,
      "name": "Thai Green Curry",
      "ingredients": [
        "Chicken thighs, boneless and skinless",
        "Green curry paste",
        "Coconut milk",
        "Fish sauce",
        "Sugar",
        "Eggplant, sliced",
        "Bell peppers, sliced",
        "Basil leaves",
        "Jasmine rice for serving"
      ],
      "instructions": [
        "In a pot, simmer green curry paste in coconut milk.",
        "Add chicken, fish sauce, and sugar. Cook until chicken is tender.",
        "Stir in sliced eggplant and bell peppers. Simmer until vegetables are cooked.",
        "Garnish with fresh basil leaves.",
        "Serve hot over jasmine rice and enjoy this Thai classic!"
      ],
      "prepTimeMinutes": 20,
      "cookTimeMinutes": 30,
      "servings": 4,
      "difficulty": "Medium",
      "cuisine": "Thai",
      "caloriesPerServing": 480,
      "tags": [
        "Curry",
        "Thai"
      ],
      "userId": 153,
      "image": "https://cdn.dummyjson.com/recipe-images/21.webp",
      "rating": 4.2,
      "reviewCount": 18,
      "mealType": [
        "Dinner"
      ]
    },
    {
      "id": 22,
      "name": "Mango Lassi",
      "ingredients": [
        "Ripe mango, peeled and diced",
        "Yogurt",
        "Milk",
        "Honey",
        "Cardamom powder",
        "Ice cubes"
      ],
      "instructions": [
        "In a blender, combine diced mango, yogurt, milk, honey, and cardamom powder.",
        "Blend until smooth and creamy.",
        "Add ice cubes and blend again until the lassi is chilled.",
        "Pour into glasses and garnish with a sprinkle of cardamom.",
        "Enjoy this refreshing Mango Lassi!"
      ],
      "prepTimeMinutes": 10,
      "cookTimeMinutes": 0,
      "servings": 2,
      "difficulty": "Easy",
      "cuisine": "Indian",
      "caloriesPerServing": 180,
      "tags": [
        "Lassi",
        "Mango",
        "Indian",
        "Pakistani",
        "Asian"
      ],
      "userId": 76,
      "image": "https://cdn.dummyjson.com/recipe-images/22.webp",
      "rating": 4.7,
      "reviewCount": 15,
      "mealType": [
        "Beverage"
      ]
    },
    {
      "id": 23,
      "name": "Italian Tiramisu",
      "ingredients": [
        "Espresso, brewed and cooled",
        "Ladyfinger cookies",
        "Mascarpone cheese",
        "Heavy cream",
        "Sugar",
        "Cocoa powder"
      ],
      "instructions": [
        "In a bowl, whip heavy cream until stiff peaks form.",
        "In another bowl, mix mascarpone cheese and sugar until smooth.",
        "Gently fold the whipped cream into the mascarpone mixture.",
        "Dip ladyfinger cookies into brewed espresso and layer them in a serving dish.",
        "Spread a layer of the mascarpone mixture over the cookies.",
        "Repeat layers and finish with a dusting of cocoa powder.",
        "Chill in the refrigerator for a few hours before serving.",
        "Indulge in the decadence of this classic Italian Tiramisu!"
      ],
      "prepTimeMinutes": 30,
      "cookTimeMinutes": 0,
      "servings": 6,
      "difficulty": "Medium",
      "cuisine": "Italian",
      "caloriesPerServing": 350,
      "tags": [
        "Tiramisu",
        "Italian"
      ],
      "userId": 130,
      "image": "https://cdn.dummyjson.com/recipe-images/23.webp",
      "rating": 4.6,
      "reviewCount": 0,
      "mealType": [
        "Dessert"
      ]
    },
    {
      "id": 24,
      "name": "Turkish Kebabs",
      "ingredients": [
        "Ground lamb or beef",
        "Onions, grated",
        "Garlic, minced",
        "Parsley, finely chopped",
        "Cumin",
        "Coriander",
        "Red pepper flakes",
        "Salt and pepper to taste",
        "Flatbread for serving",
        "Tahini sauce"
      ],
      "instructions": [
        "In a bowl, mix ground meat, grated onions, minced garlic, chopped parsley, and spices.",
        "Form the mixture into kebab shapes and grill until fully cooked.",
        "Serve the kebabs on flatbread with a drizzle of tahini sauce.",
        "Enjoy these flavorful Turkish Kebabs with your favorite sides."
      ],
      "prepTimeMinutes": 25,
      "cookTimeMinutes": 15,
      "servings": 4,
      "difficulty": "Easy",
      "cuisine": "Turkish",
      "caloriesPerServing": 280,
      "tags": [
        "Kebabs",
        "Turkish",
        "Grilling"
      ],
      "userId": 26,
      "image": "https://cdn.dummyjson.com/recipe-images/24.webp",
      "rating": 4.6,
      "reviewCount": 78,
      "mealType": [
        "Dinner"
      ]
    },
    {
      "id": 25,
      "name": "Blueberry Banana Smoothie",
      "ingredients": [
        "Blueberries, fresh or frozen",
        "Banana, peeled and sliced",
        "Greek yogurt",
        "Almond milk",
        "Honey",
        "Chia seeds (optional)"
      ],
      "instructions": [
        "In a blender, combine blueberries, banana, Greek yogurt, almond milk, and honey.",
        "Blend until smooth and creamy.",
        "Add chia seeds for extra nutrition and blend briefly.",
        "Pour into a glass and enjoy this nutritious Blueberry Banana Smoothie!"
      ],
      "prepTimeMinutes": 10,
      "cookTimeMinutes": 0,
      "servings": 1,
      "difficulty": "Easy",
      "cuisine": "Smoothie",
      "caloriesPerServing": 220,
      "tags": [
        "Smoothie",
        "Blueberry",
        "Banana"
      ],
      "userId": 16,
      "image": "https://cdn.dummyjson.com/recipe-images/25.webp",
      "rating": 4.8,
      "reviewCount": 30,
      "mealType": [
        "Breakfast",
        "Beverage"
      ]
    },
    {
      "id": 26,
      "name": "Mexican Street Corn (Elote)",
      "ingredients": [
        "Corn on the cob",
        "Mayonnaise",
        "Cotija cheese, crumbled",
        "Chili powder",
        "Lime wedges"
      ],
      "instructions": [
        "Grill or roast corn on the cob until kernels are charred.",
        "Brush each cob with mayonnaise, then sprinkle with crumbled Cotija cheese and chili powder.",
        "Serve with lime wedges for squeezing over the top.",
        "Enjoy this delicious and flavorful Mexican Street Corn!"
      ],
      "prepTimeMinutes": 15,
      "cookTimeMinutes": 15,
      "servings": 4,
      "difficulty": "Easy",
      "cuisine": "Mexican",
      "caloriesPerServing": 180,
      "tags": [
        "Elote",
        "Mexican",
        "Street food"
      ],
      "userId": 93,
      "image": "https://cdn.dummyjson.com/recipe-images/26.webp",
      "rating": 4.6,
      "reviewCount": 2,
      "mealType": [
        "Snack",
        "Side Dish"
      ]
    },
    {
      "id": 27,
      "name": "Russian Borscht",
      "ingredients": [
        "Beets, peeled and shredded",
        "Cabbage, shredded",
        "Potatoes, diced",
        "Onions, finely chopped",
        "Carrots, grated",
        "Tomato paste",
        "Beef or vegetable broth",
        "Garlic, minced",
        "Bay leaves",
        "Sour cream for serving"
      ],
      "instructions": [
        "In a pot, sauté chopped onions and garlic until softened.",
        "Add shredded beets, cabbage, diced potatoes, grated carrots, and tomato paste.",
        "Pour in broth and add bay leaves. Simmer until vegetables are tender.",
        "Serve hot with a dollop of sour cream on top.",
        "Enjoy the hearty and comforting flavors of Russian Borscht!"
      ],
      "prepTimeMinutes": 30,
      "cookTimeMinutes": 40,
      "servings": 6,
      "difficulty": "Medium",
      "cuisine": "Russian",
      "caloriesPerServing": 220,
      "tags": [
        "Borscht",
        "Russian",
        "Soup"
      ],
      "userId": 1,
      "image": "https://cdn.dummyjson.com/recipe-images/27.webp",
      "rating": 4.3,
      "reviewCount": 39,
      "mealType": [
        "Dinner"
      ]
    },
    {
      "id": 28,
      "name": "South Indian Masala Dosa",
      "ingredients": [
        "Dosa batter (fermented rice and urad dal batter)",
        "Potatoes, boiled and mashed",
        "Onions, finely chopped",
        "Mustard seeds",
        "Cumin seeds",
        "Curry leaves",
        "Turmeric powder",
        "Green chilies, chopped",
        "Ghee",
        "Coconut chutney for serving"
      ],
      "instructions": [
        "In a pan, heat ghee and add mustard seeds, cumin seeds, and curry leaves.",
        "Add chopped onions, green chilies, and turmeric powder. Sauté until onions are golden brown.",
        "Mix in boiled and mashed potatoes. Cook until well combined and seasoned.",
        "Spread dosa batter on a hot griddle to make thin pancakes.",
        "Place a spoonful of the potato mixture in the center, fold, and serve hot.",
        "Pair with coconut chutney for a delicious South Indian meal."
      ],
      "prepTimeMinutes": 40,
      "cookTimeMinutes": 20,
      "servings": 4,
      "difficulty": "Medium",
      "cuisine": "Indian",
      "caloriesPerServing": 320,
      "tags": [
        "Dosa",
        "Indian",
        "Asian"
      ],
      "userId": 138,
      "image": "https://cdn.dummyjson.com/recipe-images/28.webp",
      "rating": 4.4,
      "reviewCount": 96,
      "mealType": [
        "Breakfast"
      ]
    },
    {
      "id": 29,
      "name": "Lebanese Falafel Wrap",
      "ingredients": [
        "Falafel balls",
        "Whole wheat or regular wraps",
        "Tomatoes, diced",
        "Cucumbers, sliced",
        "Red onions, thinly sliced",
        "Lettuce, shredded",
        "Tahini sauce",
        "Fresh parsley, chopped"
      ],
      "instructions": [
        "Warm falafel balls according to package instructions.",
        "Place a generous serving of falafel in the center of each wrap.",
        "Top with diced tomatoes, sliced cucumbers, red onions, shredded lettuce, and fresh parsley.",
        "Drizzle with tahini sauce and wrap tightly.",
        "Enjoy this Lebanese Falafel Wrap filled with fresh and flavorful ingredients!"
      ],
      "prepTimeMinutes": 15,
      "cookTimeMinutes": 10,
      "servings": 2,
      "difficulty": "Easy",
      "cuisine": "Lebanese",
      "caloriesPerServing": 400,
      "tags": [
        "Falafel",
        "Lebanese",
        "Wrap"
      ],
      "userId": 110,
      "image": "https://cdn.dummyjson.com/recipe-images/29.webp",
      "rating": 4.7,
      "reviewCount": 84,
      "mealType": [
        "Lunch"
      ]
    },
    {
      "id": 30,
      "name": "Brazilian Caipirinha",
      "ingredients": [
        "Cachaça (Brazilian sugarcane spirit)",
        "Lime, cut into wedges",
        "Granulated sugar",
        "Ice cubes"
      ],
      "instructions": [
        "In a glass, muddle lime wedges with granulated sugar to release the juice.",
        "Fill the glass with ice cubes.",
        "Pour cachaça over the ice and stir well.",
        "Sip and enjoy the refreshing taste of the Brazilian Caipirinha!",
        "Adjust sugar and lime to suit your taste preferences."
      ],
      "prepTimeMinutes": 5,
      "cookTimeMinutes": 0,
      "servings": 1,
      "difficulty": "Easy",
      "cuisine": "Brazilian",
      "caloriesPerServing": 150,
      "tags": [
        "Caipirinha",
        "Brazilian",
        "Cocktail"
      ],
      "userId": 134,
      "image": "https://cdn.dummyjson.com/recipe-images/30.webp",
      "rating": 4.4,
      "reviewCount": 55,
      "mealType": [
        "Beverage"
      ]
    },
    {
      "id": 31,
      "name": "Spanish Patatas Bravas",
      "ingredients": [
        "Potatoes, diced",
        "Olive oil",
        "Garlic, minced",
        "Smoked paprika",
        "Tomato sauce",
        "Mayonnaise",
        "Hot sauce",
        "Fresh parsley, chopped"
      ],
      "instructions": [
        "Preheat oven to 425°F (220°C).",
        "Toss diced potatoes with olive oil, minced garlic, and smoked paprika. Roast until crispy.",
        "In a small saucepan, heat tomato sauce, mayonnaise, and hot sauce. Stir until warm.",
        "Drizzle the sauce over the roasted potatoes and garnish with fresh parsley.",
        "Serve these flavorful Spanish Patatas Bravas as a delicious appetizer."
      ],
      "prepTimeMinutes": 20,
      "cookTimeMinutes": 30,
      "servings": 4,
      "difficulty": "Easy",
      "cuisine": "Spanish",
      "caloriesPerServing": 240,
      "tags": [
        "Patatas bravas",
        "Spanish"
      ],
      "userId": 129,
      "image": "https://cdn.dummyjson.com/recipe-images/31.webp",
      "rating": 4.5,
      "reviewCount": 21,
      "mealType": [
        "Appetizer"
      ]
    },
    {
      "id": 32,
      "name": "Vietnamese Fresh Spring Rolls",
      "ingredients": [
        "Rice paper wrappers",
        "Shrimp, cooked and sliced",
        "Rice vermicelli, cooked",
        "Lettuce leaves",
        "Carrots, julienned",
        "Cucumber, julienned",
        "Fresh mint leaves",
        "Peanut dipping sauce"
      ],
      "instructions": [
        "Dip rice paper wrappers in warm water to soften.",
        "Lay a wrapper on a flat surface and fill with shrimp, rice vermicelli, lettuce, carrots, cucumber, and mint leaves.",
        "Fold the sides of the wrapper and roll tightly to seal.",
        "Serve these Vietnamese Fresh Spring Rolls with peanut dipping sauce.",
        "Enjoy these light and refreshing rolls as a delightful appetizer or snack."
      ],
      "prepTimeMinutes": 15,
      "cookTimeMinutes": 10,
      "servings": 4,
      "difficulty": "Easy",
      "cuisine": "Vietnamese",
      "caloriesPerServing": 180,
      "tags": [
        "Spring rolls",
        "Vietnamese"
      ],
      "userId": 113,
      "image": "https://cdn.dummyjson.com/recipe-images/32.webp",
      "rating": 4.2,
      "reviewCount": 97,
      "mealType": [
        "Appetizer"
      ]
    },
    {
      "id": 33,
      "name": "Mediterranean Quinoa Salad",
      "ingredients": [
        "Quinoa, cooked",
        "Cherry tomatoes, halved",
        "Cucumber, diced",
        "Kalamata olives, sliced",
        "Red onion, finely chopped",
        "Feta cheese, crumbled",
        "Fresh parsley, chopped",
        "Lemon vinaigrette dressing"
      ],
      "instructions": [
        "In a large bowl, combine cooked quinoa, cherry tomatoes, cucumber, olives, red onion, feta cheese, and parsley.",
        "Drizzle with lemon vinaigrette dressing and toss to combine.",
        "Chill before serving. This Mediterranean Quinoa Salad is perfect as a refreshing side dish."
      ],
      "prepTimeMinutes": 20,
      "cookTimeMinutes": 15,
      "servings": 6,
      "difficulty": "Easy",
      "cuisine": "Mediterranean",
      "caloriesPerServing": 220,
      "tags": [
        "Quinoa salad",
        "Mediterranean"
      ],
      "userId": 154,
      "image": "https://cdn.dummyjson.com/recipe-images/33.webp",
      "rating": 4.8,
      "reviewCount": 83,
      "mealType": [
        "Lunch",
        "Side Dish"
      ]
    },
    {
      "id": 34,
      "name": "Japanese Matcha Green Tea Ice Cream",
      "ingredients": [
        "Heavy cream",
        "Whole milk",
        "Granulated sugar",
        "Matcha green tea powder",
        "Egg yolks"
      ],
      "instructions": [
        "In a saucepan, heat heavy cream, whole milk, and granulated sugar until it begins to steam.",
        "Whisk in matcha green tea powder until fully combined.",
        "In a separate bowl, whisk egg yolks. Slowly pour the hot milk mixture into the yolks, whisking continuously.",
        "Return the mixture to the saucepan and heat until it thickens. Do not boil.",
        "Strain the mixture and let it cool. Churn in an ice cream maker according to the manufacturer's instructions.",
        "Freeze until firm. Indulge in the creamy goodness of Japanese Matcha Green Tea Ice Cream!"
      ],
      "prepTimeMinutes": 30,
      "cookTimeMinutes": 15,
      "servings": 4,
      "difficulty": "Medium",
      "cuisine": "Japanese",
      "caloriesPerServing": 280,
      "tags": [
        "Matcha ice cream",
        "Japanese"
      ],
      "userId": 174,
      "image": "https://cdn.dummyjson.com/recipe-images/34.webp",
      "rating": 4.2,
      "reviewCount": 87,
      "mealType": [
        "Dessert"
      ]
    },
    {
      "id": 35,
      "name": "Brazilian Chocolate Brigadeiros",
      "ingredients": [
        "Sweetened condensed milk",
        "Cocoa powder",
        "Unsalted butter",
        "Chocolate sprinkles"
      ],
      "instructions": [
        "In a saucepan, combine sweetened condensed milk, cocoa powder, and unsalted butter.",
        "Cook over medium heat, stirring constantly, until the mixture thickens and pulls away from the pan.",
        "Let the mixture cool. Grease your hands with butter and roll into small balls.",
        "Coat the brigadeiros in chocolate sprinkles.",
        "These Brazilian Chocolate Brigadeiros are a delightful sweet treat!"
      ],
      "prepTimeMinutes": 20,
      "cookTimeMinutes": 10,
      "servings": 8,
      "difficulty": "Easy",
      "cuisine": "Brazilian",
      "caloriesPerServing": 120,
      "tags": [
        "Brigadeiros",
        "Brazilian"
      ],
      "userId": 175,
      "image": "https://cdn.dummyjson.com/recipe-images/35.webp",
      "rating": 4.2,
      "reviewCount": 65,
      "mealType": [
        "Dessert"
      ]
    },
    {
      "id": 36,
      "name": "Mexican Chicken Enchiladas",
      "ingredients": [
        "Chicken breasts, cooked and shredded",
        "Corn tortillas",
        "Enchilada sauce",
        "Black beans, drained and rinsed",
        "Corn kernels",
        "Shredded Mexican cheese blend",
        "Fresh cilantro, chopped",
        "Sour cream for serving"
      ],
      "instructions": [
        "Preheat oven to 375°F (190°C).",
        "In a bowl, mix shredded chicken with black beans, corn, and chopped cilantro.",
        "Fill each corn tortilla with the chicken mixture and roll tightly.",
        "Place the rolled enchiladas in a baking dish, cover with enchilada sauce, and sprinkle with shredded cheese.",
        "Bake until the cheese is melted and bubbly.",
        "Serve hot with a dollop of sour cream. Enjoy these delicious Mexican Chicken Enchiladas!"
      ],
      "prepTimeMinutes": 25,
      "cookTimeMinutes": 20,
      "servings": 4,
      "difficulty": "Medium",
      "cuisine": "Mexican",
      "caloriesPerServing": 380,
      "tags": [
        "Enchiladas",
        "Mexican",
        "Main course"
      ],
      "userId": 8,
      "image": "https://cdn.dummyjson.com/recipe-images/36.webp",
      "rating": 4.1,
      "reviewCount": 67,
      "mealType": [
        "Dinner"
      ]
    },
    {
      "id": 37,
      "name": "Thai Coconut Shrimp Curry",
      "ingredients": [
        "Shrimp, peeled and deveined",
        "Coconut milk",
        "Red curry paste",
        "Fish sauce",
        "Sugar",
        "Bell peppers, sliced",
        "Zucchini, sliced",
        "Fresh basil leaves",
        "Jasmine rice for serving"
      ],
      "instructions": [
        "In a pan, simmer coconut milk with red curry paste, fish sauce, and sugar.",
        "Add sliced bell peppers and zucchini. Cook until vegetables are tender.",
        "Add shrimp and cook until they turn pink and opaque.",
        "Stir in fresh basil leaves.",
        "Serve this Thai Coconut Shrimp Curry over jasmine rice for a flavorful meal."
      ],
      "prepTimeMinutes": 20,
      "cookTimeMinutes": 15,
      "servings": 3,
      "difficulty": "Medium",
      "cuisine": "Thai",
      "caloriesPerServing": 420,
      "tags": [
        "Shrimp curry",
        "Thai",
        "Main course"
      ],
      "userId": 113,
      "image": "https://cdn.dummyjson.com/recipe-images/37.webp",
      "rating": 4.9,
      "reviewCount": 85,
      "mealType": [
        "Dinner"
      ]
    },
    {
      "id": 38,
      "name": "Greek Spanakopita",
      "ingredients": [
        "Phyllo dough",
        "Spinach, chopped and cooked",
        "Feta cheese, crumbled",
        "Onions, finely chopped",
        "Eggs",
        "Olive oil",
        "Dill, chopped",
        "Salt and pepper to taste"
      ],
      "instructions": [
        "Preheat oven to 375°F (190°C).",
        "In a bowl, mix cooked chopped spinach with crumbled feta, chopped onions, beaten eggs, olive oil, dill, salt, and pepper.",
        "Layer sheets of phyllo dough in a baking dish, brushing each layer with olive oil.",
        "Spread the spinach and feta mixture over the phyllo layers.",
        "Top with more phyllo layers, brushing each with olive oil.",
        "Bake until golden brown. Slice and serve this delicious Greek Spanakopita!"
      ],
      "prepTimeMinutes": 30,
      "cookTimeMinutes": 40,
      "servings": 8,
      "difficulty": "Medium",
      "cuisine": "Greek",
      "caloriesPerServing": 280,
      "tags": [
        "Spanakopita",
        "Greek"
      ],
      "userId": 68,
      "image": "https://cdn.dummyjson.com/recipe-images/38.webp",
      "rating": 4.6,
      "reviewCount": 19,
      "mealType": [
        "Appetizer"
      ]
    },
    {
      "id": 39,
      "name": "Moroccan Couscous Salad",
      "ingredients": [
        "Couscous, cooked",
        "Chickpeas, cooked",
        "Cherry tomatoes, halved",
        "Cucumber, diced",
        "Red onion, finely chopped",
        "Fresh mint leaves, chopped",
        "Feta cheese, crumbled",
        "Lemon vinaigrette dressing"
      ],
      "instructions": [
        "In a large bowl, combine cooked couscous, chickpeas, cherry tomatoes, cucumber, red onion, mint leaves, and crumbled feta.",
        "Drizzle with lemon vinaigrette dressing and toss to combine.",
        "Chill before serving. This Moroccan Couscous Salad makes a refreshing side dish."
      ],
      "prepTimeMinutes": 15,
      "cookTimeMinutes": 10,
      "servings": 6,
      "difficulty": "Easy",
      "cuisine": "Moroccan",
      "caloriesPerServing": 260,
      "tags": [
        "Couscous salad",
        "Moroccan"
      ],
      "userId": 102,
      "image": "https://cdn.dummyjson.com/recipe-images/39.webp",
      "rating": 4.1,
      "reviewCount": 19,
      "mealType": [
        "Lunch",
        "Side Dish"
      ]
    },
    {
      "id": 40,
      "name": "Classic Mojito",
      "ingredients": [
        "Fresh mint leaves",
        "Lime, cut into wedges",
        "Granulated sugar",
        "White rum",
        "Club soda",
        "Ice cubes"
      ],
      "instructions": [
        "In a glass, muddle fresh mint leaves with granulated sugar and lime wedges to release the flavors.",
        "Add white rum and stir well.",
        "Fill the glass with ice cubes and top with club soda.",
        "Stir gently and garnish with a sprig of mint.",
        "Sip and enjoy the classic and refreshing taste of a Mojito!"
      ],
      "prepTimeMinutes": 10,
      "cookTimeMinutes": 0,
      "servings": 1,
      "difficulty": "Easy",
      "cuisine": "Cocktail",
      "caloriesPerServing": 150,
      "tags": [
        "Mojito",
        "Cuban",
        "Cocktail"
      ],
      "userId": 191,
      "image": "https://cdn.dummyjson.com/recipe-images/40.webp",
      "rating": 4.7,
      "reviewCount": 89,
      "mealType": [
        "Beverage"
      ]
    },
    {
      "id": 41,
      "name": "Caprese Bruschetta",
      "ingredients": [
        "Baguette, sliced",
        "Tomatoes, diced",
        "Fresh mozzarella, sliced",
        "Fresh basil leaves",
        "Balsamic glaze",
        "Olive oil",
        "Garlic, minced",
        "Salt and pepper to taste"
      ],
      "instructions": [
        "Preheat the oven broiler.",
        "Place baguette slices on a baking sheet and toast under the broiler until golden.",
        "In a bowl, combine diced tomatoes, sliced fresh mozzarella, minced garlic, and chopped fresh basil.",
        "Drizzle with olive oil, balsamic glaze, and season with salt and pepper.",
        "Spoon the tomato and mozzarella mixture onto the toasted baguette slices.",
        "Serve these delightful Caprese Bruschettas as a quick and tasty appetizer."
      ],
      "prepTimeMinutes": 15,
      "cookTimeMinutes": 5,
      "servings": 6,
      "difficulty": "Easy",
      "cuisine": "Italian",
      "caloriesPerServing": 150,
      "tags": [
        "Bruschetta",
        "Italian"
      ],
      "userId": 148,
      "image": "https://cdn.dummyjson.com/recipe-images/41.webp",
      "rating": 4.2,
      "reviewCount": 38,
      "mealType": [
        "Appetizer"
      ]
    },
    {
      "id": 42,
      "name": "Teriyaki Chicken Stir-Fry",
      "ingredients": [
        "Chicken breast, thinly sliced",
        "Broccoli florets",
        "Bell peppers, sliced",
        "Carrots, julienned",
        "Soy sauce",
        "Teriyaki sauce",
        "Sesame oil",
        "Garlic, minced",
        "Ginger, grated",
        "Cooked rice for serving"
      ],
      "instructions": [
        "In a wok or skillet, heat sesame oil and sauté minced garlic and grated ginger until fragrant.",
        "Add thinly sliced chicken and cook until browned.",
        "Stir in broccoli florets, sliced bell peppers, and julienned carrots. Cook until vegetables are tender-crisp.",
        "Pour soy sauce and teriyaki sauce over the stir-fry. Toss to combine.",
        "Serve this quick Teriyaki Chicken Stir-Fry over cooked rice for a delicious meal."
      ],
      "prepTimeMinutes": 15,
      "cookTimeMinutes": 10,
      "servings": 4,
      "difficulty": "Easy",
      "cuisine": "Japanese",
      "caloriesPerServing": 320,
      "tags": [
        "Teriyaki chicken",
        "Japanese",
        "Stir-fry"
      ],
      "userId": 171,
      "image": "https://cdn.dummyjson.com/recipe-images/42.webp",
      "rating": 4.6,
      "reviewCount": 95,
      "mealType": [
        "Dinner"
      ]
    },
    {
      "id": 43,
      "name": "Mango Avocado Salsa",
      "ingredients": [
        "Mango, diced",
        "Avocado, diced",
        "Red onion, finely chopped",
        "Cilantro, chopped",
        "Lime juice",
        "Salt and pepper to taste",
        "Tortilla chips for serving"
      ],
      "instructions": [
        "In a bowl, combine diced mango, diced avocado, finely chopped red onion, and chopped cilantro.",
        "Drizzle with fresh lime juice and season with salt and pepper. Toss gently to combine.",
        "Serve this refreshing Mango Avocado Salsa with tortilla chips for a quick and tasty snack."
      ],
      "prepTimeMinutes": 10,
      "cookTimeMinutes": 0,
      "servings": 4,
      "difficulty": "Easy",
      "cuisine": "Mexican",
      "caloriesPerServing": 90,
      "tags": [
        "Mango salsa",
        "Mexican"
      ],
      "userId": 30,
      "image": "https://cdn.dummyjson.com/recipe-images/43.webp",
      "rating": 4.1,
      "reviewCount": 78,
      "mealType": [
        "Snack",
        "Appetizer"
      ]
    },
    {
      "id": 44,
      "name": "Shrimp and Asparagus Stir-Fry",
      "ingredients": [
        "Shrimp, peeled and deveined",
        "Asparagus spears, trimmed and cut into pieces",
        "Soy sauce",
        "Sesame oil",
        "Garlic, minced",
        "Ginger, grated",
        "Red pepper flakes",
        "Green onions, sliced",
        "Cooked noodles or rice for serving"
      ],
      "instructions": [
        "In a wok or skillet, heat sesame oil and sauté minced garlic, grated ginger, and red pepper flakes until fragrant.",
        "Add shrimp and cook until they turn pink and opaque.",
        "Stir in asparagus pieces and cook until crisp-tender.",
        "Pour soy sauce over the stir-fry and toss to combine.",
        "Serve this quick Shrimp and Asparagus Stir-Fry over cooked noodles or rice."
      ],
      "prepTimeMinutes": 15,
      "cookTimeMinutes": 10,
      "servings": 3,
      "difficulty": "Easy",
      "cuisine": "Asian",
      "caloriesPerServing": 250,
      "tags": [
        "Shrimp stir-fry",
        "Asian",
        "Quick"
      ],
      "userId": 195,
      "image": "https://cdn.dummyjson.com/recipe-images/44.webp",
      "rating": 4.7,
      "reviewCount": 13,
      "mealType": [
        "Dinner"
      ]
    },
    {
      "id": 45,
      "name": "Italian Margherita Pizza",
      "ingredients": [
        "Pizza dough",
        "Tomatoes, thinly sliced",
        "Fresh mozzarella, sliced",
        "Fresh basil leaves",
        "Olive oil",
        "Garlic, minced",
        "Salt and pepper to taste"
      ],
      "instructions": [
        "Preheat the oven to the highest temperature your oven can go.",
        "Roll out pizza dough on a floured surface and transfer to a pizza stone or baking sheet.",
        "Brush the dough with olive oil and sprinkle minced garlic over the surface.",
        "Arrange thinly sliced tomatoes and fresh mozzarella slices on the dough.",
        "Bake until the crust is golden and the cheese is melted and bubbly.",
        "Top with fresh basil leaves and season with salt and pepper. Slice and serve this classic Margherita Pizza."
      ],
      "prepTimeMinutes": 20,
      "cookTimeMinutes": 12,
      "servings": 4,
      "difficulty": "Easy",
      "cuisine": "Italian",
      "caloriesPerServing": 280,
      "tags": [
        "Margherita pizza",
        "Italian",
        "Quick"
      ],
      "userId": 160,
      "image": "https://cdn.dummyjson.com/recipe-images/45.webp",
      "rating": 4.7,
      "reviewCount": 98,
      "mealType": [
        "Dinner"
      ]
    },
    {
      "id": 46,
      "name": "Pesto Pasta with Cherry Tomatoes",
      "ingredients": [
        "Penne pasta",
        "Basil pesto sauce",
        "Cherry tomatoes, halved",
        "Parmesan cheese, grated",
        "Salt and black pepper to taste"
      ],
      "instructions": [
        "Cook penne pasta according to package instructions. Drain and set aside.",
        "In a pan, warm basil pesto sauce. Add cooked pasta and toss to coat evenly.",
        "Stir in halved cherry tomatoes and cook until they soften slightly.",
        "Season with salt and black pepper to taste. Garnish with grated Parmesan cheese.",
        "Serve this quick and flavorful Pesto Pasta with Cherry Tomatoes for a delicious meal."
      ],
      "prepTimeMinutes": 15,
      "cookTimeMinutes": 10,
      "servings": 3,
      "difficulty": "Easy",
      "cuisine": "Italian",
      "caloriesPerServing": 320,
      "tags": [
        "Pesto pasta",
        "Italian",
        "Quick"
      ],
      "userId": 79,
      "image": "https://cdn.dummyjson.com/recipe-images/46.webp",
      "rating": 4.3,
      "reviewCount": 54,
      "mealType": [
        "Dinner"
      ]
    },
    {
      "id": 47,
      "name": "Hawaiian Chicken Skewers",
      "ingredients": [
        "Chicken breasts, cut into chunks",
        "Pineapple chunks",
        "Bell peppers, sliced",
        "Red onion, cut into wedges",
        "Soy sauce",
        "Pineapple juice",
        "Ketchup",
        "Brown sugar",
        "Garlic, minced",
        "Wooden skewers, soaked in water"
      ],
      "instructions": [
        "Preheat the grill or grill pan.",
        "In a bowl, whisk together soy sauce, pineapple juice, ketchup, brown sugar, and minced garlic to make the marinade.",
        "Thread chicken chunks, pineapple chunks, bell pepper slices, and red onion wedges onto soaked wooden skewers.",
        "Brush the skewers with the marinade and grill until the chicken is cooked through.",
        "Serve these Hawaiian Chicken Skewers with rice or as a tasty appetizer."
      ],
      "prepTimeMinutes": 20,
      "cookTimeMinutes": 15,
      "servings": 4,
      "difficulty": "Easy",
      "cuisine": "Hawaiian",
      "caloriesPerServing": 280,
      "tags": [
        "Chicken skewers",
        "Hawaiian",
        "Quick"
      ],
      "userId": 177,
      "image": "https://cdn.dummyjson.com/recipe-images/47.webp",
      "rating": 4.7,
      "reviewCount": 77,
      "mealType": [
        "Dinner"
      ]
    },
    {
      "id": 48,
      "name": "Cucumber Avocado Rolls",
      "ingredients": [
        "Sushi rice, seasoned",
        "Nori sheets",
        "Cucumber, julienned",
        "Avocado, sliced",
        "Soy sauce for dipping",
        "Pickled ginger and wasabi for serving"
      ],
      "instructions": [
        "Place a sheet of nori on a bamboo sushi rolling mat.",
        "Spread seasoned sushi rice evenly over the nori, leaving a small border at the top.",
        "Arrange julienned cucumber and sliced avocado along the bottom edge of the rice.",
        "Roll the nori tightly from the bottom, using the bamboo mat to shape the roll.",
        "Slice the roll into bite-sized pieces. Serve these refreshing Cucumber Avocado Rolls with soy sauce, pickled ginger, and wasabi."
      ],
      "prepTimeMinutes": 20,
      "cookTimeMinutes": 0,
      "servings": 3,
      "difficulty": "Easy",
      "cuisine": "Japanese",
      "caloriesPerServing": 180,
      "tags": [
        "Sushi rolls",
        "Japanese",
        "Quick"
      ],
      "userId": 190,
      "image": "https://cdn.dummyjson.com/recipe-images/48.webp",
      "rating": 4.3,
      "reviewCount": 94,
      "mealType": [
        "Appetizer",
        "Lunch"
      ]
    },
    {
      "id": 49,
      "name": "Mediterranean Chickpea Salad",
      "ingredients": [
        "Canned chickpeas, drained and rinsed",
        "Cherry tomatoes, halved",
        "Cucumber, diced",
        "Red onion, finely chopped",
        "Kalamata olives, sliced",
        "Feta cheese, crumbled",
        "Olive oil",
        "Lemon juice",
        "Dried oregano",
        "Salt and pepper to taste"
      ],
      "instructions": [
        "In a large bowl, combine chickpeas, cherry tomatoes, cucumber, red onion, olives, and feta cheese.",
        "In a small bowl, whisk together olive oil, lemon juice, dried oregano, salt, and pepper to make the dressing.",
        "Pour the dressing over the salad and toss gently to combine.",
        "Chill before serving. Enjoy this quick and refreshing Mediterranean Chickpea Salad."
      ],
      "prepTimeMinutes": 15,
      "cookTimeMinutes": 0,
      "servings": 4,
      "difficulty": "Easy",
      "cuisine": "Mediterranean",
      "caloriesPerServing": 220,
      "tags": [
        "Chickpea salad",
        "Mediterranean",
        "Quick"
      ],
      "userId": 183,
      "image": "https://cdn.dummyjson.com/recipe-images/49.webp",
      "rating": 4.7,
      "reviewCount": 70,
      "mealType": [
        "Lunch",
        "Side Dish"
      ]
    },
    {
      "id": 50,
      "name": "Pineapple Coconut Smoothie",
      "ingredients": [
        "Pineapple chunks, fresh or frozen",
        "Coconut milk",
        "Greek yogurt",
        "Banana, peeled and sliced",
        "Honey",
        "Ice cubes"
      ],
      "instructions": [
        "In a blender, combine pineapple chunks, coconut milk, Greek yogurt, banana, and honey.",
        "Blend until smooth and creamy.",
        "Add ice cubes and blend again until the smoothie is chilled.",
        "Pour into a glass and enjoy the tropical goodness of this Pineapple Coconut Smoothie!"
      ],
      "prepTimeMinutes": 10,
      "cookTimeMinutes": 0,
      "servings": 2,
      "difficulty": "Easy",
      "cuisine": "Smoothie",
      "caloriesPerServing": 200,
      "tags": [
        "Smoothie",
        "Pineapple",
        "Coconut"
      ],
      "userId": 172,
      "image": "https://cdn.dummyjson.com/recipe-images/50.webp",
      "rating": 4.4,
      "reviewCount": 45,
      "mealType": [
        "Breakfast",
        "Beverage"
      ]
    }
  ]
}